<?xml version="1.0" encoding="UTF-8"?>
<beans
	xmlns="http://www.springframework.org/schema/beans"
	xmlns:xsi="http://www.w3.org/2001/XMLSchema-instance"
	xsi:schemaLocation="http://www.springframework.org/schema/beans http://www.springframework.org/schema/beans/spring-beans-2.0.xsd">


	<bean id="dataSource"
		class="org.apache.commons.dbcp.BasicDataSource">
		<property name="driverClassName"
			value="com.microsoft.sqlserver.jdbc.SQLServerDriver">
		</property>
		<property name="url"
			value="jdbc:sqlserver://localhost:1433;databaseName=db_dzzw">
		</property>
		<property name="username" value="sa"></property>
		<property name="password" value="sa"></property>
	</bean>
	<bean id="sessionFactory"
		class="org.springframework.orm.hibernate3.LocalSessionFactoryBean">
		<property name="dataSource">
			<ref bean="dataSource" />
		</property>
		<property name="hibernateProperties">
			<props>
				<prop key="hibernate.dialect">
					org.hibernate.dialect.SQLServerDialect
				</prop>
				<prop key="hibernate.show_sql">true</prop>
			</props>
		</property>
		<property name="mappingResources">
			<list>
				<value>com/model/TAdmin.hbm.xml</value>
			    <value>com/model/TLiuyan.hbm.xml</value>
			    <value>com/model/TGonggao.hbm.xml</value>
			    <value>com/model/TPicNews.hbm.xml</value>
			    <value>com/model/TLianjie.hbm.xml</value>
			    <value>com/model/TDiqugaikuang.hbm.xml</value>
			    <value>com/model/TLingdaoxinxiang.hbm.xml</value>
			    <value>com/model/TBianmindianhua.hbm.xml</value>
			    <value>com/model/TBiaogexiazai.hbm.xml</value>
			    <value>com/model/TZhengwu.hbm.xml</value></list>
		</property>
	</bean>
	
	<bean id="indexAction" class="com.action.indexAction" scope="prototype">
	    <property name="diqugaikuangDAO">
			<ref bean="TDiqugaikuangDAO" />
		</property>
	</bean>
	
	<!-- 后台的登录 -->
	<bean id="loginService" class="com.service.loginService">
		<property name="adminDAO">
			<ref bean="TAdminDAO" />
		</property>
	</bean>
	
	<bean id="TAdminDAO" class="com.dao.TAdminDAO">
		<property name="sessionFactory">
			<ref bean="sessionFactory" />
		</property>
	</bean>
	<bean id="adminAction" class="com.action.adminAction" scope="prototype">
		<property name="adminDAO">
			<ref bean="TAdminDAO" />
		</property>
	</bean>
	
	<bean id="TLiuyanDAO" class="com.dao.TLiuyanDAO">
		<property name="sessionFactory">
			<ref bean="sessionFactory" />
		</property>
	</bean>
	<bean id="liuyanAction" class="com.action.liuyanAction" scope="prototype">
		<property name="liuyanDAO">
			<ref bean="TLiuyanDAO" />
		</property>
	</bean>
	
	
	<bean id="TPicNewsDAO" class="com.dao.TPicNewsDAO">
		<property name="sessionFactory">
			<ref bean="sessionFactory" />
		</property>
	</bean>
	<bean id="picNewsAction" class="com.action.picNewsAction" scope="prototype">
		<property name="picNewsDAO">
			<ref bean="TPicNewsDAO" />
		</property>
		<property name="gonggaoDAO">
			<ref bean="TGonggaoDAO" />
		</property>
	</bean>
	
	
	<bean id="TGonggaoDAO" class="com.dao.TGonggaoDAO">
		<property name="sessionFactory">
			<ref bean="sessionFactory"></ref>
		</property>
	</bean>
	<bean id="gonggaoAction" class="com.action.gonggaoAction" scope="prototype">
		<property name="gonggaoDAO">
			<ref bean="TGonggaoDAO" />
		</property>
	</bean>
	
	
	
	<bean id="TLianjieDAO" class="com.dao.TLianjieDAO">
		<property name="sessionFactory">
			<ref bean="sessionFactory" />
		</property>
	</bean>
	<bean id="lianjieAction" class="com.action.lianjieAction" scope="prototype">
		<property name="lianjieDAO">
			<ref bean="TLianjieDAO" />
		</property>
	</bean>
	
	<bean id="TDiqugaikuangDAO" class="com.dao.TDiqugaikuangDAO">
		<property name="sessionFactory">
			<ref bean="sessionFactory" />
		</property>
	</bean>
	<bean id="diqugaikuangAction" class="com.action.diqugaikuangAction" scope="prototype">
		<property name="diqugaikuangDAO">
			<ref bean="TDiqugaikuangDAO" />
		</property>
	</bean>
	
	
	
	<bean id="TLingdaoxinxiangDAO" class="com.dao.TLingdaoxinxiangDAO">
		<property name="sessionFactory">
			<ref bean="sessionFactory" />
		</property>
	</bean>
	<bean id="lingdaoxinxiangAction" class="com.action.lingdaoxinxiangAction" scope="prototype">
		<property name="lingdaoxinxiangDAO">
			<ref bean="TLingdaoxinxiangDAO" />
		</property>
	</bean>
	
	
	<bean id="TBianmindianhuaDAO" class="com.dao.TBianmindianhuaDAO">
		<property name="sessionFactory">
			<ref bean="sessionFactory" />
		</property>
	</bean>
	<bean id="bianmindianhuaAction" class="com.action.bianmindianhuaAction" scope="prototype">
		<property name="bianmindianhuaDAO">
			<ref bean="TBianmindianhuaDAO" />
		</property>
	</bean>
	
	
	
	<bean id="TBiaogexiazaiDAO" class="com.dao.TBiaogexiazaiDAO">
		<property name="sessionFactory">
			<ref bean="sessionFactory" />
		</property>
	</bean>
	<bean id="biaogexiazaiAction" class="com.action.biaogexiazaiAction" scope="prototype">
		<property name="biaogexiazaiDAO">
			<ref bean="TBiaogexiazaiDAO" />
		</property>
	</bean>
	
	
	
	<bean id="TZhengwuDAO" class="com.dao.TZhengwuDAO">
		<property name="sessionFactory">
			<ref bean="sessionFactory" />
		</property>
	</bean>
	<bean id="zhengwuAction" class="com.action.zhengwuAction" scope="prototype">
		<property name="zhengwuDAO">
			<ref bean="TZhengwuDAO" />
		</property>
	</bean>
	</beans>