<?xml version="1.0" encoding="utf-8"?>
<!DOCTYPE hibernate-mapping PUBLIC "-//Hibernate/Hibernate Mapping DTD 3.0//EN"
"http://hibernate.sourceforge.net/hibernate-mapping-3.0.dtd">
<!-- 
    Mapping file autogenerated by MyEclipse Persistence Tools
-->
<hibernate-mapping>
    <class name="com.model.TBiaogexiazai" table="t_biaogexiazai" schema="dbo" catalog="db_dzzw">
        <id name="id" type="java.lang.Integer">
            <column name="id" />
            <generator class="increment" />
        </id>
        <property name="name" type="java.lang.String">
            <column name="name" length="50" />
        </property>
        <property name="jieshao" type="java.lang.String">
            <column name="jieshao" length="50" />
        </property>
        <property name="fujian" type="java.lang.String">
            <column name="fujian" length="50" />
        </property>
        <property name="fujianYuanshiming" type="java.lang.String">
            <column name="fujianYuanshiming" length="50" />
        </property>
        <property name="shangchuanshijian" type="java.lang.String">
            <column name="shangchuanshijian" length="50" />
        </property>
        <property name="del" type="java.lang.String">
            <column name="del" length="50" />
        </property>
    </class>
</hibernate-mapping>
