<?xml version="1.0" encoding="utf-8"?>
<!DOCTYPE hibernate-mapping PUBLIC "-//Hibernate/Hibernate Mapping DTD 3.0//EN"
"http://hibernate.sourceforge.net/hibernate-mapping-3.0.dtd">
<!-- 
    Mapping file autogenerated by MyEclipse Persistence Tools
-->
<hibernate-mapping>
    <class name="com.model.TPicNews" table="t_picNews">
        <id name="picNewsId" type="java.lang.Integer">
            <column name="picNews_id" />
            <generator class="increment" />
        </id>
        <property name="picNewsTitle" type="java.lang.String">
            <column name="picNews_title" length="50" />
        </property>
        <property name="picNewsContent" type="java.lang.String">
            <column name="picNews_content" length="8000" />
        </property>
        <property name="fujian" type="java.lang.String">
            <column name="fujian" length="8000" />
        </property>
        <property name="fujianYuanshiming" type="java.lang.String">
            <column name="fujian_yuanshiming" length="50" />
        </property>
        <property name="picNewsDate" type="java.lang.String">
            <column name="picNews_date" length="50" />
        </property>
        <property name="picNewsOne1" type="java.lang.String">
            <column name="picNews_one1" length="50" />
        </property>
        <property name="picNewsOne2" type="java.lang.String">
            <column name="picNews_one2" length="50" />
        </property>
        <property name="picNewsOne3" type="java.lang.String">
            <column name="picNews_one3" length="50" />
        </property>
        <property name="picNewsOne4" type="java.lang.String">
            <column name="picNews_one4" length="50" />
        </property>
        <property name="picNewsOne5" type="java.util.Date">
            <column name="picNews_one5" length="23" />
        </property>
        <property name="picNewsOne6" type="java.util.Date">
            <column name="picNews_one6" length="23" />
        </property>
        <property name="picNewsOne7" type="java.lang.Integer">
            <column name="picNews_one7" />
        </property>
        <property name="picNewsOne8" type="java.lang.Integer">
            <column name="picNews_one8" />
        </property>
    </class>
</hibernate-mapping>
