<?xml version="1.0" encoding="utf-8"?>
<!DOCTYPE hibernate-mapping PUBLIC "-//Hibernate/Hibernate Mapping DTD 3.0//EN"
"http://hibernate.sourceforge.net/hibernate-mapping-3.0.dtd">
<!-- 
    Mapping file autogenerated by MyEclipse Persistence Tools
-->
<hibernate-mapping>
    <class name="com.model.TZhengwu" table="t_zhengwu" schema="dbo" catalog="db_dzzw">
        <id name="id" type="java.lang.Integer">
            <column name="id" />
            <generator class="increment" />
        </id>
        <property name="title" type="java.lang.String">
            <column name="title" length="50" />
        </property>
        <property name="content" type="java.lang.String">
            <column name="content" length="8000" />
        </property>
        <property name="shijian" type="java.lang.String">
            <column name="shijian" length="50" />
        </property>
        <property name="del" type="java.lang.String">
            <column name="del" length="50" />
        </property>
    </class>
</hibernate-mapping>
