<?xml version="1.0" encoding="UTF-8" ?>

<!DOCTYPE struts PUBLIC   
     "-//Apache Software Foundation//DTD Struts Configuration 2.0//EN"   
     "http://struts.apache.org/dtds/struts-2.0.dtd">
     
     
<struts>
    <package name="liu" extends="struts-default">
        <global-results>
            <result name="succeed">/common/succeed.jsp</result>
            <result name="successAdd">/common/add_success.jsp</result>
            <result name="successDel">/common/del_success.jsp</result>
            <result name="successUpdate">/common/update_success.jsp</result>
        </global-results>
        
        <action name="upload" class="com.util.upload" method="upload">
             <result name="success">/upload/upload_re.jsp</result>
        </action>
        
        <action name="index" class="indexAction" method="index">
            <result name="success">/qiantai/index.jsp</result>
        </action>
        
        
        <action name="adminAdd" class="adminAction" method="adminAdd">
        </action>
        <action name="adminDel" class="adminAction" method="adminDel">
        </action>
        <action name="adminManage" class="adminAction" method="adminManage">
            <result name="success">/admin/index/adminManage.jsp</result>
        </action>
        <action name="adminManageFenye" class="adminAction" method="adminManageFenye">
            <result name="success">/admin/index/adminManageFenye.jsp</result>
        </action>
        
        
        <action name="liuyanMana" class="liuyanAction" method="liuyanMana">
             <result name="success">/admin/liuyan/liuyanMana.jsp</result>
        </action>
        <action name="liuyanAdd" class="liuyanAction" method="liuyanAdd">
        </action>
        <action name="liuyanDel" class="liuyanAction" method="liuyanDel">
        </action>
        <action name="liuyanAll" class="liuyanAction" method="liuyanAll">
             <result name="success">/qiantai/liuyan/liuyanAll.jsp</result>
        </action>
        
        
        
        <action name="picNewsAdd" class="picNewsAction" method="picNewsAdd">
        </action>
        <action name="picNewsDel" class="picNewsAction" method="picNewsDel">
        </action>
        <action name="picNewsMana" class="picNewsAction" method="picNewsMana">
             <result name="success">/admin/picNews/picNewsMana.jsp</result>
        </action>
        <action name="picNewsDetail" class="picNewsAction" method="picNewsDetail">
             <result name="success">/admin/picNews/picNewsDetail.jsp</result>
        </action>
        <action name="picNewsDetailQian" class="picNewsAction" method="picNewsDetailQian">
             <result name="success">/qiantai/picNews/picNewsDetailQian.jsp</result>
        </action>
        <action name="picNewsQian5" class="picNewsAction" method="picNewsQian5">
             <result name="success">/qiantai/picNews/picNewsQian5.jsp</result>
        </action>
        
        <action name="gonggaoAdd" class="gonggaoAction" method="gonggaoAdd">
        </action>
        <action name="gonggaoDel" class="gonggaoAction" method="gonggaoDel">
        </action>
        <action name="gonggaoMana" class="gonggaoAction" method="gonggaoMana">
            <result>/admin/gonggao/gonggaoMana.jsp</result>
        </action>
        <action name="gonggaoDetail" class="gonggaoAction" method="gonggaoDetail">
            <result>/admin/gonggao/gonggaoDetail.jsp</result>
        </action>
        <action name="gonggaoDetailQian" class="gonggaoAction" method="gonggaoDetailQian">
            <result>/qiantai/gonggao/gonggaoDetailQian.jsp</result>
        </action>
        <action name="gonggaoQian5" class="gonggaoAction" method="gonggaoQian5">
            <result>/qiantai/gonggao/gonggaoQian5.jsp</result>
        </action>
        
        
        
        
        <action name="lianjieAdd" class="lianjieAction" method="lianjieAdd">
        </action>
        <action name="lianjieDel" class="lianjieAction" method="lianjieDel">
        </action>
        <action name="lianjieMana" class="lianjieAction" method="lianjieMana">
            <result>/admin/lianjie/lianjieMana.jsp</result>
        </action>
        <action name="lianjieQian5" class="lianjieAction" method="lianjieQian5">
            <result>/qiantai/lianjie/lianjieQian5.jsp</result>
        </action>
        
        
        <action name="diqugaikuangMana" class="diqugaikuangAction" method="diqugaikuangMana">
            <result>/admin/diqugaikuang/diqugaikuangMana.jsp</result>
        </action>
        <action name="diqugaikuangEdit" class="diqugaikuangAction" method="diqugaikuangEdit">
        </action>
        <action name="diqugaikuangAll" class="diqugaikuangAction" method="diqugaikuangAll">
            <result>/qiantai/diqugaikuang/diqugaikuangAll.jsp</result>
        </action>
        
        
        <action name="lingdaoxinxiangAdd" class="lingdaoxinxiangAction" method="lingdaoxinxiangAdd">
        </action>
        <action name="lingdaoxinxiangDel" class="lingdaoxinxiangAction" method="lingdaoxinxiangDel">
        </action>
        <action name="lingdaoxinxiangMana" class="lingdaoxinxiangAction" method="lingdaoxinxiangMana">
            <result>/admin/lingdaoxinxiang/lingdaoxinxiangMana.jsp</result>
        </action>
        <action name="lingdaoxinxiangAll" class="lingdaoxinxiangAction" method="lingdaoxinxiangAll">
            <result>/qiantai/lingdaoxinxiang/lingdaoxinxiangAll.jsp</result>
        </action>
        
        
        <action name="emailSend" class="com.action.emailAction" method="emailSend">
        </action>
        
        
        <action name="bianmindianhuaAdd" class="bianmindianhuaAction" method="bianmindianhuaAdd">
        </action>
        <action name="bianmindianhuaDel" class="bianmindianhuaAction" method="bianmindianhuaDel">
        </action>
        <action name="bianmindianhuaMana" class="bianmindianhuaAction" method="bianmindianhuaMana">
            <result>/admin/bianmindianhua/bianmindianhuaMana.jsp</result>
        </action>
        <action name="bianmindianhuaAll" class="bianmindianhuaAction" method="bianmindianhuaAll">
            <result>/qiantai/bianmindianhua/bianmindianhuaAll.jsp</result>
        </action>
        
        
        <action name="biaogexiazaiAdd" class="biaogexiazaiAction" method="biaogexiazaiAdd">
        </action>
        <action name="biaogexiazaiDel" class="biaogexiazaiAction" method="biaogexiazaiDel">
        </action>
        <action name="biaogexiazaiMana" class="biaogexiazaiAction" method="biaogexiazaiMana">
            <result>/admin/biaogexiazai/biaogexiazaiMana.jsp</result>
        </action>
        <action name="biaogexiazaiAll" class="biaogexiazaiAction" method="biaogexiazaiAll">
            <result>/qiantai/biaogexiazai/biaogexiazaiAll.jsp</result>
        </action>
        
        
        <action name="zhengwuAdd" class="zhengwuAction" method="zhengwuAdd">
        </action>
        <action name="zhengwuDel" class="zhengwuAction" method="zhengwuDel">
        </action>
        <action name="zhengwuMana" class="zhengwuAction" method="zhengwuMana">
            <result>/admin/zhengwu/zhengwuMana.jsp</result>
        </action>
        <action name="zhengwuDetail" class="zhengwuAction" method="zhengwuDetail">
            <result>/admin/zhengwu/zhengwuDetail.jsp</result>
        </action>
        <action name="zhengwuAll" class="zhengwuAction" method="zhengwuAll">
            <result>/qiantai/zhengwu/zhengwuAll.jsp</result>
        </action>
        <action name="zhengwuDetailQian" class="zhengwuAction" method="zhengwuDetailQian">
            <result>/qiantai/zhengwu/zhengwuDetailQian.jsp</result>
        </action>
    </package>
</struts>